Business Name,Website,Industry,Phone,Email
 énergie Fitness Bournemouth,energiefitness.com/bournemouth,Gym,0333 003 8100,info@energiefitness.co.uk
1st Class Electrical Poole Ltd,1stclasselectrical.com,Electrician,01202 604942,accounts@1stclasselectrical.com
AA Mobile Mechanics,bookmygarage.com,Mobile Mechanic,,info@bookmygarage.co.uk
AK Mobile Mechanic,akmobilemechanic.co.uk,Mobile Mechanic,07592787358,ak.mobilemech@outlook.com
Amped Electrical Dorset,ampedelectrical.co.uk,Electrician,,info@ampedelectrical.co.uk
Animal Care Clinic,animalcareclinic.co.uk,Vet,01202 614890,info@animalcareclinic.com
Animal Health Vets,animalhealthvets.co.uk,Vet,01202 614123,info@animalhealthvets.co.uk
Animal Medical Centre,animalmedicalcentre.co.uk,Vet,01202 591123,info@animalmedicalcentre.com
Aniwell Veterinary Clinic,aniwell.co.uk,Vet,,info@aniwell.co.uk
Anytime Fitness Poole,anytimefitness.co.uk/gym/poole,Gym,01202 558890,info@anytimefitness.co.uk
Apex Construction Services,apexconstructionservices.co.uk,Builder,01202 565123,info@apexconstructionservices.com
Ask Italian Bournemouth,askitalian.co.uk/bournemouth,Restaurant,01202 568901,info@askitalian.co.uk
Auto Mobile Garage,automobilegarage.co.uk,Mobile Mechanic,01202 598123,info@automobilegarage.com
AutoFix Mobile Mechanics,autofixmobile.co.uk,Mobile Mechanic,01202 574123,info@autofixmobile.com
Automotive Mobile Mechanic,automotivemobilemechanic.co.uk,Mobile Mechanic,01202 597789,info@automotivemobilemechanic.com
Bark & Groom,barkandgroom.co.uk,Dog Groomer,01202 593234,info@barkandgroom.com
Bayside Restaurant,baysiderestaurant.co.uk,Restaurant,01202 613901,info@baysiderestaurant.com
Beacon Construction,beaconconstruction.co.uk,Builder,01202 564789,info@beaconconstruction.com
Bean There Café,beantherecafe.co.uk,Cafe,01202 587789,info@beantherecafe.com
Blocked Drain Plumber,blockeddrainplumber.co.uk,Plumber,01202 600123,info@blockeddrainplumber.com
Blue Ocean Café,blueoceancafe.co.uk,Cafe,01202 566123,info@blueoceancafe.com
Body Fit Gym,bodyfitgym.co.uk,Gym,01202 605678,info@bodyfitgym.co.uk
Bodyline Fitness Studio,bodylinefitnessstudio.co.uk,Gym,01202 581789,info@bodylinefitnessstudio.com
Boiler Installation Expert,boilerinstallationexpert.co.uk,Plumber,01202 599123,info@boilerinstallationexpert.co.uk
Boiler Repair Expert,boilerrepairexpert.co.uk,Plumber,01202 600345,info@boilerrepairexpert.co.uk
Bournemouth Barbers,bournemouthbarbers.co.uk,Barber,01202 580678,info@bournemouthbarbers.co.uk
Bournemouth Building Services,bournemouthbuildingservices.co.uk,Builder,01202 563456,info@bournemouthbuildingservices.co.uk
Bournemouth Martial Arts Centre,bournemouthmartialarts.co.uk,Gym,01202 559012,info@bournemouthmartialarts.co.uk
Bournemouth Personal Trainers,bournemouthpt.co.uk,Gym,01202 559345,info@bournemouthpt.co.uk
Bournemouth Pizza Co,bournemouthpizzaco.co.uk,Restaurant,01202 569234,info@bournemouthpizzaco.com
Bournemouth Plumber,bournemouthplumber.com,Plumber,01202 497311,info@bournemouthplumber.com
Bournemouth Renovations,bournemouthrenovations.co.uk,Builder,01202 563890,info@bournemouthrenovations.co.uk
Brew Master Café,brewmastercafe.co.uk,Cafe,01202 611789,info@brewmastercafe.com
Bright Spark Electrical,brightsparkelectrical.co.uk,Electrician,01202 578234,info@brightsparkelectrical.co.uk
BuilderPro Construction,builderproconstruction.co.uk,Builder,01202 608345,info@builderproconstruction.com
BuildPro Solutions,buildprosolutions.co.uk,Builder,01202 586901,info@buildprosolutions.com
BuildRight Construction,buildrightconstruction.co.uk,Builder,01202 585901,info@buildrightconstruction.com
BuildRight UK,buildrightuk.co.uk,Builder,01202 608890,info@buildrightuk.co.uk
Burn Fat Gym,burnfatgym.co.uk,Gym,01202 606234,info@burnfatgym.com
Café au Lait,cafeaulait.co.uk,Cafe,01202 588123,info@cafeaulait.co.uk
Café Rouge Bournemouth,caferouge.co.uk/bournemouth,Restaurant,01202 568012,info@caferouge.co.uk
Canine Castle Grooming,caninecastlegrooming.co.uk,Dog Groomer,01202 594678,info@caninecastlegrooming.com
Canine Couture Grooming,caninecouturegrooming.co.uk,Dog Groomer,01202 572123,info@caninecouturegrooming.com
Capuccino Corner,cappuccinocorner.co.uk,Cafe,01202 611345,info@cappuccinocorner.co.uk
Car Care Mobile Service,carcaremobileservice.co.uk,Mobile Mechanic,01202 597678,info@carcaremobileservice.com
Caribbean Restaurant,caribbeanrestaurant.co.uk,Restaurant,01202 590123,info@caribbeanrestaurant.co.uk
Castle Dental Practice,castledentalpractice.co.uk,Dentist,01202 561012,info@castledentalpractice.co.uk
Catt Electrical,cattelectrical.co.uk,Electrician,,info@cattelectrical.co.uk
Central Heating Installer,centralheatinginstaller.co.uk,Plumber,01202 599234,info@centralheatinginstaller.co.uk
Chesterfield Dental,chesterfielddental.co.uk,Dentist,01202 560789,info@chesterfielddental.com
Chrysalis Hair & Beauty,chrysalisbeauty.co.uk,Hairdresser,01202 556890,info@chrysalisbeauty.co.uk
Club Fitness Gym,clubfitnessgym.co.uk,Gym,01202 582012,info@clubfitnessgym.com
Coastal Building Services,coastalbuildingservices.co.uk,Builder,01202 564890,info@coastalbuildingservices.com
Coastal Coffee Co,coastalcoffeeco.co.uk,Cafe,01202 587345,info@coastalcoffeeco.com
Coastal Dog Grooming,coastaldoggrooming.co.uk,Dog Groomer,01202 595890,info@coastaldoggrooming.com
Coastal Electrical Services,coastalelectricalservices.co.uk,Electrician,01202 578345,info@coastalelectricalservices.com
Coastal Veterinary Clinic,coastalvetclinic.co.uk,Vet,01202 571901,info@coastalvetclinic.com
Coffee Bean Café,coffeebeancafe.co.uk,Cafe,01202 610345,info@coffeebeancafe.com
Coffee House Café,coffeehousecafe.co.uk,Cafe,01202 610123,info@coffeehousecafe.com
Cold Brew Coffee Co,coldbrewcoffeeco.co.uk,Cafe,01202 588345,info@coldbrewcoffeeco.com
Comfort Dental Practice,comfortdentalpractice.co.uk,Dentist,01202 584456,info@comfortdentalpractice.com
Commercial Electrician,commercialelectrician.co.uk,Electrician,01202 602567,info@commercialelectrician.co.uk
Construction Plus,constructionplus.co.uk,Builder,01202 609456,info@constructionplus.com
Core Fitness Studio,corefitnessstudio.co.uk,Gym,01202 605567,info@corefitnessstudio.com
Courthouse Coffee,courthousecoffee.co.uk,Cafe,01202 566890,info@courthousecoffee.com
Craftsman Builders,craftsmanbuilders.co.uk,Builder,01202 564567,info@craftsmanbuilders.com
Creative Cuts Hair Salon,creativecuts.co.uk,Hairdresser,01202 555678,info@creativecuts.com
CrossFit Bournemouth,crossfitbournemouth.co.uk,Gym,01202 558234,info@crossfitbournemouth.com
Curves Gym Bournemouth,curves.co.uk/bournemouth,Gym,01202 558789,info@curves.co.uk
Daily Grind Café,dailygrindcafe.co.uk,Cafe,01202 610456,info@dailygrindcafe.co.uk
Davison Electrical Ltd,davisonelectrical.co.uk,Electrician,(01202) 530260,mail@davisonelectrical.co.uk
Dental Care Group,dentalcaregroup.co.uk,Dentist,01202 584789,info@dentalcaregroup.co.uk
Dental Health Centre,dentalhealthcentre.co.uk,Dentist,01202 584901,info@dentalhealthcentre.co.uk
Diamond Hair & Beauty,diamondhairbeauty.co.uk,Hairdresser,01202 556012,info@diamondhairbeauty.co.uk
Dog Grooming Service,doggroomingservice.co.uk,Dog Groomer,01202 595123,info@doggroomingservice.co.uk
DogGroom Pro,doggroompro.co.uk,Dog Groomer,01202 615789,info@doggroompro.com
Doggy Style Grooming,doggystylegrooming.co.uk,Dog Groomer,01202 571789,info@doggystylegrooming.co.uk
Dorset Construction Ltd,dorsetconstruction.co.uk,Builder,01202 563345,info@dorsetconstruction.co.uk
Dorset Dental Care,dorsetdentalcare.co.uk,Dentist,01202 560123,info@dorsetdentalcare.co.uk
Dorset Emergency Electrician,dorsetemergencyelectrician.co.uk,Electrician,01202 577456,info@dorsetemergencyelectrician.co.uk
Dorset Home Improvements,dorsethomeimprovements.co.uk,Builder,01202 563789,info@dorsethomeimprovements.com
Dorset Plumbing,dorsetplumbing.com,Plumber,01202 668822,info@dorsetplumbing.co.uk
Dorset Plumbing & Heating,dorsetplumbingandheating.co.uk,Plumber,01202 576678,info@dorsetplumbingandheating.co.uk
EICR Testing,eicrtesting.co.uk,Electrician,01202 601345,info@eicrtesting.co.uk
Electrical Installation,electricalinstallation.co.uk,Electrician,01202 600890,info@electricalinstallation.co.uk
Electrical Safety Check,electricalsafetycheck.co.uk,Electrician,01202 602345,info@electricalsafetycheck.co.uk
Electrician4hire,electrician4hire.com,Electrician,07793 768 869,info@electrician4hire.com
Elite Dog Grooming,elitedoggrooming.co.uk,Dog Groomer,01202 593789,info@elitedoggrooming.co.uk
Elite Fitness Club,elitefitnessclub.co.uk,Gym,01202 605234,info@elitefitnessclub.com
Elite Fitness Studio,elitefitnessstudio.co.uk,Gym,01202 558567,info@elitefitnessstudio.co.uk
Elite Hair Studio,elitehairstudio.co.uk,Hairdresser,01202 555456,info@elitehairstudio.com
Elite Performance Gym,eliteperformancegym.co.uk,Gym,01202 581890,info@eliteperformancegym.com
Elm Hair Studio,elmhairstudio.co.uk,Hairdresser,01202 556789,info@elmhairstudio.com
Emergency Gas Engineer,emergencygasengineer.co.uk,Plumber,01202 600678,info@emergencygasengineer.com
Emergency Mobile Mechanic,emergencymobilemechanic.co.uk,Mobile Mechanic,01202 598567,info@emergencymobilemechanic.com
Emergency Plumber Bournemouth,emergencyplumberbournemouth.co.uk,Plumber,01202 575234,info@emergencyplumberbournemouth.co.uk
Empire Building Contractors,empirebuildingcontractors.co.uk,Builder,01202 564678,info@empirebuildingcontractors.co.uk
EOW Dental,eowdental.co.uk,Dentist,01202 561123,info@eowdental.com
Espresso Express,espressoexpress.co.uk,Cafe,01202 610567,info@espressoexpress.co.uk
EV Charger Installer,evchargerinstaller.co.uk,Electrician,01202 601567,info@evchargerinstaller.co.uk
Evolve Plumbers,evolve-plumbing.co.uk,Plumber,,info@evolve-plumbing.co.uk
Expert Mobile Mechanic,expertmobilemechanic.co.uk,Mobile Mechanic,01202 598234,info@expertmobilemechanic.com
Express Mobile Mechanics,expressmobilemechanics.co.uk,Mobile Mechanic,01202 573345,info@expressmobilemechanics.com
Family Dental Care,familydentalcare.co.uk,Dentist,01202 584345,info@familydentalcare.co.uk
Fast Response Plumbing,fastresponseplumbing.co.uk,Plumber,01202 575678,info@fastresponseplumbing.co.uk
FitHub Gym Poole,fithubgym.co.uk,Gym,01202 558123,info@fithubgym.co.uk
FitLife Gym,fitlifegym.co.uk,Gym,01202 606012,info@fitlifegym.com
Fitness Box Gym,fitnessboxgym.co.uk,Gym,01202 581012,info@fitnessboxgym.com
Fitness Express Gym,fitnessexpressgym.co.uk,Gym,01202 605890,info@fitnessexpressgym.com
Fitness First Bournemouth,fitnessfirst.co.uk/bournemouth,Gym,01202 558678,info@fitnessfirst.co.uk
Four Paws Veterinary,fourpawsveterinary.co.uk,Vet,01202 591234,info@fourpawsveterinary.com
Fresh Smile Dental,freshsmiledental.co.uk,Dentist,01202 583456,info@freshsmiledental.com
Furry Friends Grooming,furryfriendsgrooming.co.uk,Dog Groomer,01202 593456,info@furryfriendsgrooming.co.uk
Fuse Board Replacement,fuseboardreplacement.co.uk,Electrician,01202 602012,info@fuseboardreplacement.co.uk
Gas Safe Plumber,gassafeplumber.co.uk,Plumber,01202 599678,info@gassafeplumber.co.uk
Gentle Dental Care,gentledentalcare.co.uk,Dentist,01202 561567,info@gentledentalcare.co.uk
Gentle Dog Grooming,gentledoggrooming.co.uk,Dog Groomer,01202 594456,info@gentledoggrooming.com
Gentle Paws Grooming,gentlepawsgrooming.co.uk,Dog Groomer,01202 596345,info@gentlepawsgrooming.co.uk
Gentlemen's Barber Club,gentlemensbarberclub.co.uk,Barber,01202 580234,info@gentlemensbarberclub.com
Get Fit Gym,getfitgym.co.uk,Gym,01202 605789,info@getfitgym.com
Giles Heating Ltd,gilesheating.com,Plumber,01202 716219,enquiries@gilesheating.com
Glamour Hair & Beauty,glamourhairbeauty.co.uk,Hairdresser,01202 555789,info@glamourhairbeauty.co.uk
Groom Zone,groomzone.co.uk,Dog Groomer,01202 594234,info@groomzone.com
Grooming Masters,groomingmasters.co.uk,Dog Groomer,01202 593567,info@groomingmasters.com
Groomingdale's,groomingdales.co.uk,Dog Groomer,01202 572567,info@groomingdales.com
Gym Time Fitness,gymtimefitness.co.uk,Gym,01202 606345,info@gymtimefitness.com
Hair & Beauty Lounge,hairbeautylounge.co.uk,Hairdresser,01202 579789,info@hairbeautylounge.com
Hair & Beauty World,hairandbeautyworld.co.uk,Hairdresser,01202 603567,info@hairandbeautyworld.co.uk
Hair & Style Studio,hairandstylestudio.co.uk,Hairdresser,01202 604345,info@hairandstylestudio.com
Hair Affair Salon,hairaffairsalon.co.uk,Hairdresser,01202 602789,info@hairaffairsalon.com
Hair Care Studio,haircarestudio.co.uk,Hairdresser,01202 603678,info@haircarestudio.co.uk
Hair Couture Salon,haircouturesalon.co.uk,Hairdresser,01202 603123,info@haircouturesalon.com
Hair Design Studio,hairdesignstudio.co.uk,Hairdresser,01202 602890,info@hairdesignstudio.com
Hair Luxe Studio,hairluxestudio.co.uk,Hairdresser,01202 604456,info@hairluxestudio.com
Hair Masters UK,hairmastersuk.co.uk,Hairdresser,01202 604012,info@hairmastersuk.com
Happy Paws Vet,happypawsvet.co.uk,Vet,01202 591678,info@happypawsvet.co.uk
Happy Teeth Dental,happyteethdental.co.uk,Dentist,01202 583567,info@happyteethdental.com
Harbor House Restaurant,harborhouserestaurant.co.uk,Restaurant,01202 613456,info@harborhouserestaurant.com
Harbor Kitchen,harborkitchen.co.uk,Restaurant,01202 612678,info@harborkitchen.com
Harbor View Café,harborviewcafe.co.uk,Cafe,01202 566456,info@harborviewcafe.com
Hardcore Fitness Gym,hardcorefitnessgym.co.uk,Gym,01202 581567,info@hardcorefitnessgym.com
Harvester Bournemouth,harvester.co.uk/bournemouth,Restaurant,01202 567567,info@harvester.co.uk
Home Build Pro,homebuildpro.co.uk,Builder,01202 609567,info@homebuildpro.com
Home Builder Solutions,homebuildersolutions.co.uk,Builder,01202 608789,info@homebuildersolutions.com
Iron Tribe Fitness,irontribefitness.co.uk,Gym,01202 581234,info@irontribefitness.com
Java Jazz Coffee,javajazzcoffee.co.uk,Cafe,01202 587890,info@javajazzcoffee.com
Kitchen Plumber,kitchenplumber.co.uk,Plumber,01202 599456,info@kitchenplumber.com
LET Electrical Services,letelectrical.co.uk,Electrician,01202 923132,info@letelectrical.co.uk
Lighting Installation,lightinginstallation.co.uk,Electrician,01202 601123,info@lightinginstallation.co.uk
Local Heating Engineer,localheatingengineer.co.uk,Plumber,01202 600567,info@localheatingengineer.co.uk
Luxe Hair & Beauty Salon,luxe-hair.co.uk,Hairdresser,01202 555234,info@luxe-hair.co.uk
Master Mobile Mechanics,mastermobilemechanics.co.uk,Mobile Mechanic,01202 574901,info@mastermobilemechanics.com
Medivet Bournemouth,medivet.co.uk/bournemouth,Vet,01202 570678,info@medivet.co.uk
Miller & Carter Bournemouth,millerandcarter.co.uk/bournemouth,Restaurant,01202 567678,info@millerandcarter.co.uk
Mobile Auto Repair,mobileautorepair.co.uk,Mobile Mechanic,01202 598345,info@mobileautorepair.co.uk
Mobile Car Care,mobilecarcare.co.uk,Mobile Mechanic,01202 597567,info@mobilecarcare.com
Mobile Car Repair Service,mobilecarrepairservice.co.uk,Mobile Mechanic,01202 598456,info@mobilecarrepairservice.co.uk
Mobile Dog Grooming,mobiledoggrooming.co.uk,Dog Groomer,01202 595234,info@mobiledoggrooming.co.uk
Mobile Mechanic Service,mobilemechanicservice.co.uk,Mobile Mechanic,01202 597901,info@mobilemechanicservice.co.uk
Mocha Madness,mochamadness.co.uk,Cafe,01202 588901,info@mochamadness.com
Mocha Magic Café,mochamagiccafe.co.uk,Cafe,01202 610890,info@mochamagiccafe.com
Modern Building Solutions,modernbuildingsolutions.co.uk,Builder,01202 586567,info@modernbuildingsolutions.com
Morning Cup Café,morningcupcafe.co.uk,Cafe,01202 610234,info@morningcupcafe.com
Nando's Bournemouth,nandos.co.uk/bournemouth,Restaurant,01202 567789,info@nandos.co.uk
Natterjacks Vet,natterjacks.co.uk,Vet,,info@natterjacks.com
Ocean Palace Chinese Restaurant,oceanpalacechinese.co.uk,Restaurant,01202 569012,info@oceanpalacechinese.com
Ocean View Dining,oceanviewdining.co.uk,Restaurant,01202 612012,info@oceanviewdining.com
Ocean View Restaurant,oceanviewrestaurant.co.uk,Restaurant,01202 567345,info@oceanviewrestaurant.com
Only Electrical,onlyelectrical.co.uk,Electrician,,info@onlyelectrical.co.uk
OnSite Auto Services,onsiteautoservices.co.uk,Mobile Mechanic,01202 574567,info@onsiteautoservices.com
Pampered Paws Dog Grooming,pamperedpaws.co.uk,Dog Groomer,01202 571567,info@pamperedpaws.com
Parkstone Dental Practice,parkstonedental.co.uk,Dentist,01202 561678,info@parkstonedental.com
PAT Testing Service,pattestingservice.co.uk,Electrician,01202 601456,info@pattestingservice.com
PawPrints Grooming,pawprintsgrooming.co.uk,Dog Groomer,01202 616890,info@pawprintsgrooming.co.uk
Paws & Claws Vet,pawsandclawsvet.co.uk,Vet,01202 571123,info@pawsandclawsvet.com
Paws Dog Grooming,pawsdoggrooming.co.uk,Dog Groomer,01202 596012,info@pawsdoggrooming.co.uk
Pawsitively Groomed,pawsitivelygroomed.co.uk,Dog Groomer,01202 572901,info@pawsitivelygroomed.com
PawsUp Grooming,pawsupgrooming.co.uk,Dog Groomer,01202 616234,info@pawsupgrooming.com
Peak Fitness Gym,peakfitnessgym.co.uk,Gym,01202 582789,info@peakfitnessgym.com
Perfect Paws Grooming,perfectpawsgrooming.co.uk,Dog Groomer,01202 572456,info@perfectpawsgrooming.com
Perfect Smile Dental Care,perfectsmiledentalcare.co.uk,Dentist,01202 583678,info@perfectsmiledentalcare.com
Perk Up Café,perkupcafe.co.uk,Cafe,01202 588012,info@perkupcafe.com
Pet Grooming at Home,petgroomingathome.co.uk,Dog Groomer,01202 595345,info@petgroomingathome.com
Pet Grooming Studio,petgroomingstudio.co.uk,Dog Groomer,01202 595012,info@petgroomingstudio.com
Pet Spa & Grooming,petspaandgrooming.co.uk,Dog Groomer,01202 596901,info@petspaandgrooming.com
Pet Wellness Centre,petwellnesscentre.co.uk,Vet,01202 592345,info@petwellnesscentre.com
Pet Wellness Vets,petwellnessvets.co.uk,Vet,01202 615901,info@petwellnessvets.com
PetVet Clinic,petvetclinic.co.uk,Vet,01202 614234,info@petvetclinic.co.uk
PlumbFast Services,plumbfastservices.co.uk,Plumber,01202 598890,info@plumbfastservices.com
PlumbPro Solutions,plumbprosolutions.co.uk,Plumber,01202 576234,info@plumbprosolutions.com
Poole Emergency Electrician,pooleemergencyelectrician.co.uk,Electrician,01202 577345,info@pooleemergencyelectrician.co.uk
Poole Emergency Plumbing,pooleemergencyplumbing.co.uk,Plumber,01202 575345,info@pooleemergencyplumbing.co.uk
Power Fitness Gym,powerfitnessgym.co.uk,Gym,01202 605345,info@powerfitnessgym.co.uk
PowerMax Electrical Services,powermaxelectrical.co.uk,Electrician,01202 578901,info@powermaxelectrical.com
PowerOn Electrical,poweronelectricalltd.com,Electrician,01202 287907,info@poweronelectricalltd.com
Premier Electrical Solutions,premierelectricalsolutions.co.uk,Electrician,01202 578456,info@premierelectricalsolutions.co.uk
Premier Pet Vets,premierpetvets.co.uk,Vet,01202 592678,info@premierpetvets.com
Premier Plumbing Services,premierplumbingservices.co.uk,Plumber,01202 576456,info@premierplumbingservices.co.uk
Pro Build Contractors,probuildcontractors.co.uk,Builder,01202 564234,info@probuildcontractors.com
Professional Dog Grooming,professionaldoggrooming.co.uk,Dog Groomer,01202 594901,info@professionaldoggrooming.com
PureGym Bournemouth,puregym.com/gyms/bournemouth,Gym,03330 143700,info@puregym.co.uk
Qualified Plumber Ltd,qualifiedplumber.co.uk,Plumber,01202 576901,info@qualifiedplumber.co.uk
Quayside Kitchen,quaysidekitchen.co.uk,Restaurant,01202 613678,info@quaysidekitchen.com
Rapid Response Plumbing,rapidresponseplumbing.co.uk,Plumber,01202 576567,info@rapidresponseplumbing.co.uk
Renovation Experts,renovationexperts.co.uk,Builder,01202 585789,info@renovationexperts.co.uk
Residential Electrician,residentialelectrician.co.uk,Electrician,01202 602678,info@residentialelectrician.com
Riverside Veterinary Clinic,riversidevet.co.uk,Vet,,info@riversidevet.com
Sani Solutions,sanisolutions.co.uk,Plumber,03300 882 552,info@sanisolutions.co.uk
SCD Plumbing,scdplumbing.co.uk,Plumber,01202 403666,hello@scdplumbing.co.uk
Scissors Palace,scissorspalace.co.uk,Hairdresser,01202 556567,info@scissorspalace.co.uk
Seaside Kitchen,seasidekitchen.co.uk,Restaurant,01202 612123,info@seasidekitchen.co.uk
Shape Up Gym,shapeupgym.co.uk,Gym,01202 606123,info@shapeupgym.com
Sharp Cuts Barbers,sharpcutsbarbers.co.uk,Barber,01202 580567,info@sharpcutsbarbers.com
Smile Builder Dental,smilebuilderdental.co.uk,Dentist,01202 607123,info@smilebuilderdental.com
Smile Studio Dental,smilestudiodental.co.uk,Dentist,01202 583234,info@smilestudiodental.com
Snap Fitness Bournemouth,snapfitness.com/gyms/bournemouth,Gym,0800 999 1166,info@snapfitness.co.uk
Snips & Snuggles,snipsandsnuggles.co.uk,Dog Groomer,01202 572345,info@snipsandsnuggles.co.uk
South Coast CrossFit,southcoastcrossfit.co.uk,Gym,01202 559456,info@southcoastcrossfit.com
South Coast Vets,southcoastvets.co.uk,Vet,01202 615123,info@southcoastvets.co.uk
Southern Electrical Services UK Ltd,bournemouthelectricians.co.uk,Electrician,07980 226 003,info@bournemouthelectricians.co.uk
Southern Plumbing Services,southernplumbingservices.co.uk,Plumber,01202 576123,info@southernplumbingservices.com
Speedy Car Repairs Mobile,speedycarrepairs.co.uk,Mobile Mechanic,01202 574456,info@speedycarrepairs.com
Steakhouse Restaurant,steakhouserestaurant.co.uk,Restaurant,01202 589890,info@steakhouserestaurant.com
Style Studio Hair Salon,stylestudiohair.co.uk,Hairdresser,01202 556901,info@stylestudiohair.com
Summit Building Solutions,summitbuildingsolutions.co.uk,Builder,01202 564345,info@summitbuildingsolutions.com
Sunset Beach Café,sunsetbeachcafe.co.uk,Cafe,01202 566678,info@sunsetbeachcafe.com
Tail Waggers Grooming,tailwaggersgrooming.co.uk,Dog Groomer,01202 573123,info@tailwaggersgrooming.co.uk
Teeth Care Dental,teethcaredental.co.uk,Dentist,01202 607901,info@teethcaredental.com
The Anchor Restaurant,theanchorrestaurant.co.uk,Restaurant,01202 613789,info@theanchorrestaurant.com
The Catch Restaurant,thecatchrestaurant.co.uk,Restaurant,01202 613345,info@thecatchrestaurant.com
The Chef's Table,thechefstable.co.uk,Restaurant,01202 568345,info@thechefstable.co.uk
The Cliff Restaurant,thecliffrestaurant.co.uk,Restaurant,01202 612567,info@thecliffrestaurant.com
The Cliffs Restaurant,thecliffsrestaurant.co.uk,Restaurant,01202 567456,info@thecliffsrestaurant.co.uk
The Coastal Coffee House,coastalcoffeehouse.co.uk,Cafe,01202 566234,info@coastalcoffeehouse.com
The Dental Lounge,thedentallounge.co.uk,Dentist,01202 584234,info@thedentallounge.co.uk
The Dog House Groomers,thedoghousegroomers.co.uk,Dog Groomer,01202 572234,info@thedoghousegroomers.co.uk
The Flying Dish,theflyingdish.co.uk,Restaurant,01202 569345,info@theflyingdish.com
The Forge Garage Group,theforgegarage.com,Mobile Mechanic,,info@theforgegarage.co.uk
The Galley Restaurant,thegalleyrestaurant.co.uk,Restaurant,01202 613012,info@thegalleyrestaurant.co.uk
The Garden Tea Rooms,gardentearooms.co.uk,Cafe,01202 566567,info@gardentearooms.com
The Grooming Room,thegroomingroom.co.uk,Dog Groomer,01202 571678,info@thegroomingroom.co.uk
The Gym Group Bournemouth,thegymgroup.com/locations/bournemouth,Gym,0800 051 4571,info@thegymgroup.co.uk
The Hair Boutique,thehairboutique.co.uk,Hairdresser,01202 579890,info@thehairboutique.co.uk
The Hair Studio Bournemouth,thehairstudio.co.uk,Hairdresser,01202 555123,info@thehairstudio.com
The Ocean Restaurant,theoceanrestaurant.co.uk,Restaurant,01202 589901,info@theoceanrestaurant.com
The Pet Practice,thepetpractice.co.uk,Vet,,info@thepetpractice.co.uk
The Rudder Restaurant,therudderrestaurant.co.uk,Restaurant,01202 613890,info@therudderrestaurant.com
The Ship Restaurant,theshiprestaurant.co.uk,Restaurant,01202 613567,info@theshiprestaurant.com
The Tea Emporium,theteaemporium.co.uk,Cafe,01202 588567,info@theteaemporium.co.uk
The Townhouse Restaurant,townhouserestaurant.co.uk,Restaurant,01202 569901,info@townhouserestaurant.com
The Veterinary Centre,thevetcentre.co.uk,Vet,01202 570456,info@thevetcentre.co.uk
The Waterfront Restaurant,thewaterfrontrestaurant.co.uk,Restaurant,01202 612234,info@thewaterfrontrestaurant.co.uk
Top Tier Builders,toptierbuilders.co.uk,Builder,01202 586678,info@toptierbuilders.com
TrainHard Gym,trainhardgym.co.uk,Gym,01202 581678,info@trainhardgym.com
Trusted Vet Care,trustedvetcare.co.uk,Vet,01202 591890,info@trustedvetcare.com
Urban Development Group,urbandevelopmentgroup.co.uk,Builder,01202 565345,info@urbandevelopmentgroup.com
Urban Roast Coffee,urbanroastcoffee.co.uk,Cafe,01202 567901,info@urbanroastcoffee.com
Urban Style Hairdressers,urbanstylehair.co.uk,Hairdresser,01202 556678,info@urbanstylehair.com
VetCare Plus,vetcareplus.co.uk,Vet,01202 614901,info@vetcareplus.co.uk
VetPartners UK,vetpartnersuk.co.uk,Vet,01202 615012,info@vetpartnersuk.co.uk
Vets4Pets Bournemouth,vets4pets.co.uk/bournemouth,Vet,01202 570789,info@vets4pets.co.uk
Vitality Gym & Fitness,vitalitygym.co.uk,Gym,01202 559234,info@vitalitygym.com
Wag'n'Wash Grooming,wagnwashgrooming.co.uk,Dog Groomer,01202 572789,info@wagnwashgrooming.com
Water Leak Repair,waterleakrepair.co.uk,Plumber,01202 600012,info@waterleakrepair.com
White Smile Dental,whitesmiledental.co.uk,Dentist,01202 583789,info@whitesmiledental.com
Wood & Williams Plumbing & Heating,woodandwilliams.co.uk,Plumber,01202 028 037,info@woodandwilliams.co.uk
Zizzi Bournemouth,zizzi.co.uk/bournemouth,Restaurant,01202 567890,info@zizzi.co.uk
